{
  "$schema": "http://json-schema.org/draft-07/schema#",
  "title": "NozzlesAndAppurtenances",
  "type": "object",
  "properties": {
    "item_id": {
      "type": "string"
    },
    "description": {
      "type": "string"
    },
    "pipe_size_in": {
      "type": "number",
      "minimum": 0
    },
    "station_ft": {
      "type": "number"
    },
    "centerline_elev_in": {
      "type": "number"
    },
    "repad_width_in": {
      "type": "number"
    },
    "repad_height_in": {
      "type": "number"
    },
    "neck_thick_in": {
      "type": "number"
    },
    "flange_thick_in": {
      "type": "number"
    },
    "cover_thick_in": {
      "type": "number"
    },
    "shape_code": {
      "type": "string"
    },
    "tell_tale_spacing_in": {
      "type": "number"
    },
    "comments": {
      "type": "string"
    }
  },
  "required": [
    "item_id",
    "description",
    "pipe_size_in"
  ]
}