{
  "$schema": "http://json-schema.org/draft-07/schema#",
  "title": "ShellThicknessByCourse",
  "type": "object",
  "properties": {
    "course_no": {
      "type": "integer",
      "minimum": 1
    },
    "course_height_ft": {
      "type": "number",
      "minimum": 0
    },
    "t_0deg_in": {
      "type": "number",
      "minimum": 0
    },
    "t_mid_in": {
      "type": "number",
      "minimum": 0
    },
    "t_top_in": {
      "type": "number",
      "minimum": 0
    }
  },
  "required": [
    "course_no",
    "course_height_ft",
    "t_0deg_in",
    "t_mid_in",
    "t_top_in"
  ]
}